{
  "0" : "Selecciona una provincia",
  "1" : "A Coruña",
  "2" : "Álava",
  "3" : "Albacete",
  "4" : "Alicante",
  "5" : "Almería",
  "6" : "Asturias",
  "7" : "Ávila",
  "8" : "Badajoz",
  "9" : "Baleares",
  "10" : "Barcelona",
  "11" : "Burgos",
  "12" : "Cáceres",
  "13" : "Cádiz",
  "14" : "Cantabria",
  "15" : "Castellón",
  "16" : "Ciudad Real",
  "17" : "Córdoba",
  "18" : "Cuenca",
  "19" : "Girona",
  "20" : "Granada",
  "21" : "Guadalajara",
  "22" : "Gipuzkoa",
  "23" : "Huelva",
  "24" : "Huesca",
  "25" : "Jaén",
  "26" : "La Rioja",
  "27" : "Las Palmas",
  "28" : "León",
  "29" : "Lérida",
  "30" : "Lugo",
  "31" : "Madrid",
  "32" : "Málaga",
  "33" : "Murcia",
  "34" : "Navarra",
  "35" : "Orense",
  "36" : "Palencia",
  "37" : "Pontevedra",
  "38" : "Salamanca",
  "39" : "Segovia",
  "40" : "Sevilla",
  "41" : "Soria",
  "42" : "Tarragona",
  "43" : "Santa Cruz de Tenerife",
  "44" : "Teruel",
  "45" : "Toledo",
  "46" : "Valencia",
  "47" : "Valladolid",
  "48" : "Vizcaya",
  "49" : "Zamora",
  "50" : "Zaragoza"
}
