﻿[{"municipioId":1,"provinciaId":1,"nombreMunicipio":"Leticia"},{"municipioId":2,"provinciaId":1,"nombreMunicipio":"Puerto Nariño"},{"municipioId":3,"provinciaId":2,"nombreMunicipio":"Abejorral"},{"municipioId":4,"provinciaId":2,"nombreMunicipio":"Abriaquí"},{"municipioId":5,"provinciaId":2,"nombreMunicipio":"Alejandria"},{"municipioId":6,"provinciaId":2,"nombreMunicipio":"Amagá"},{"municipioId":7,"provinciaId":2,"nombreMunicipio":"Amalfi"},{"municipioId":8,"provinciaId":2,"nombreMunicipio":"Andes"},{"municipioId":9,"provinciaId":2,"nombreMunicipio":"Angelópolis"},{"municipioId":10,"provinciaId":2,"nombreMunicipio":"Angostura"},{"municipioId":11,"provinciaId":2,"nombreMunicipio":"Anorí"},{"municipioId":12,"provinciaId":2,"nombreMunicipio":"Anzá"},{"municipioId":13,"provinciaId":2,"nombreMunicipio":"Apartadó"},{"municipioId":14,"provinciaId":2,"nombreMunicipio":"Arboletes"},{"municipioId":15,"provinciaId":2,"nombreMunicipio":"Argelia"},{"municipioId":16,"provinciaId":2,"nombreMunicipio":"Armenia"},{"municipioId":17,"provinciaId":2,"nombreMunicipio":"Barbosa"},{"municipioId":18,"provinciaId":2,"nombreMunicipio":"Bello"},{"municipioId":19,"provinciaId":2,"nombreMunicipio":"Belmira"},{"municipioId":20,"provinciaId":2,"nombreMunicipio":"Betania"},{"municipioId":21,"provinciaId":2,"nombreMunicipio":"Betulia"},{"municipioId":22,"provinciaId":2,"nombreMunicipio":"Bolívar"},{"municipioId":23,"provinciaId":2,"nombreMunicipio":"Briceño"},{"municipioId":24,"provinciaId":2,"nombreMunicipio":"Burítica"},{"municipioId":25,"provinciaId":2,"nombreMunicipio":"Caicedo"},{"municipioId":26,"provinciaId":2,"nombreMunicipio":"Caldas"},{"municipioId":27,"provinciaId":2,"nombreMunicipio":"Campamento"},{"municipioId":28,"provinciaId":2,"nombreMunicipio":"Caracolí"},{"municipioId":29,"provinciaId":2,"nombreMunicipio":"Caramanta"},{"municipioId":30,"provinciaId":2,"nombreMunicipio":"Carepa"},{"municipioId":31,"provinciaId":2,"nombreMunicipio":"Carmen de Viboral"},{"municipioId":32,"provinciaId":2,"nombreMunicipio":"Carolina"},{"municipioId":33,"provinciaId":2,"nombreMunicipio":"Caucasia"},{"municipioId":34,"provinciaId":2,"nombreMunicipio":"Cañasgordas"},{"municipioId":35,"provinciaId":2,"nombreMunicipio":"Chigorodó"},{"municipioId":36,"provinciaId":2,"nombreMunicipio":"Cisneros"},{"municipioId":37,"provinciaId":2,"nombreMunicipio":"Cocorná"},{"municipioId":38,"provinciaId":2,"nombreMunicipio":"Concepción"},{"municipioId":39,"provinciaId":2,"nombreMunicipio":"Concordia"},{"municipioId":40,"provinciaId":2,"nombreMunicipio":"Copacabana"},{"municipioId":41,"provinciaId":2,"nombreMunicipio":"Cáceres"},{"municipioId":42,"provinciaId":2,"nombreMunicipio":"Dabeiba"},{"municipioId":43,"provinciaId":2,"nombreMunicipio":"Don Matías"},{"municipioId":44,"provinciaId":2,"nombreMunicipio":"Ebéjico"},{"municipioId":45,"provinciaId":2,"nombreMunicipio":"El Bagre"},{"municipioId":46,"provinciaId":2,"nombreMunicipio":"Entrerríos"},{"municipioId":47,"provinciaId":2,"nombreMunicipio":"Envigado"},{"municipioId":48,"provinciaId":2,"nombreMunicipio":"Fredonia"},{"municipioId":49,"provinciaId":2,"nombreMunicipio":"Frontino"},{"municipioId":50,"provinciaId":2,"nombreMunicipio":"Giraldo"},{"municipioId":51,"provinciaId":2,"nombreMunicipio":"Girardota"},{"municipioId":52,"provinciaId":2,"nombreMunicipio":"Granada"},{"municipioId":53,"provinciaId":2,"nombreMunicipio":"Guadalupe"},{"municipioId":54,"provinciaId":2,"nombreMunicipio":"Guarne"},{"municipioId":55,"provinciaId":2,"nombreMunicipio":"Guatapé"},{"municipioId":56,"provinciaId":2,"nombreMunicipio":"Gómez Plata"},{"municipioId":57,"provinciaId":2,"nombreMunicipio":"Heliconia"},{"municipioId":58,"provinciaId":2,"nombreMunicipio":"Hispania"},{"municipioId":59,"provinciaId":2,"nombreMunicipio":"Itagüí"},{"municipioId":60,"provinciaId":2,"nombreMunicipio":"Ituango"},{"municipioId":61,"provinciaId":2,"nombreMunicipio":"Jardín"},{"municipioId":62,"provinciaId":2,"nombreMunicipio":"Jericó"},{"municipioId":63,"provinciaId":2,"nombreMunicipio":"La Ceja"},{"municipioId":64,"provinciaId":2,"nombreMunicipio":"La Estrella"},{"municipioId":65,"provinciaId":2,"nombreMunicipio":"La Pintada"},{"municipioId":66,"provinciaId":2,"nombreMunicipio":"La Unión"},{"municipioId":67,"provinciaId":2,"nombreMunicipio":"Liborina"},{"municipioId":68,"provinciaId":2,"nombreMunicipio":"Maceo"},{"municipioId":69,"provinciaId":2,"nombreMunicipio":"Marinilla"},{"municipioId":70,"provinciaId":2,"nombreMunicipio":"Medellín"},{"municipioId":71,"provinciaId":2,"nombreMunicipio":"Montebello"},{"municipioId":72,"provinciaId":2,"nombreMunicipio":"Murindó"},{"municipioId":73,"provinciaId":2,"nombreMunicipio":"Mutatá"},{"municipioId":74,"provinciaId":2,"nombreMunicipio":"Nariño"},{"municipioId":75,"provinciaId":2,"nombreMunicipio":"Nechí"},{"municipioId":76,"provinciaId":2,"nombreMunicipio":"Necoclí"},{"municipioId":77,"provinciaId":2,"nombreMunicipio":"Olaya"},{"municipioId":78,"provinciaId":2,"nombreMunicipio":"Peque"},{"municipioId":79,"provinciaId":2,"nombreMunicipio":"Peñol"},{"municipioId":80,"provinciaId":2,"nombreMunicipio":"Pueblorrico"},{"municipioId":81,"provinciaId":2,"nombreMunicipio":"Puerto Berrío"},{"municipioId":82,"provinciaId":2,"nombreMunicipio":"Puerto Nare"},{"municipioId":83,"provinciaId":2,"nombreMunicipio":"Puerto Triunfo"},{"municipioId":84,"provinciaId":2,"nombreMunicipio":"Remedios"},{"municipioId":85,"provinciaId":2,"nombreMunicipio":"Retiro"},{"municipioId":86,"provinciaId":2,"nombreMunicipio":"Ríonegro"},{"municipioId":87,"provinciaId":2,"nombreMunicipio":"Sabanalarga"},{"municipioId":88,"provinciaId":2,"nombreMunicipio":"Sabaneta"},{"municipioId":89,"provinciaId":2,"nombreMunicipio":"Salgar"},{"municipioId":90,"provinciaId":2,"nombreMunicipio":"San Andrés de Cuerquía"},{"municipioId":91,"provinciaId":2,"nombreMunicipio":"San Carlos"},{"municipioId":92,"provinciaId":2,"nombreMunicipio":"San Francisco"},{"municipioId":93,"provinciaId":2,"nombreMunicipio":"San Jerónimo"},{"municipioId":94,"provinciaId":2,"nombreMunicipio":"San José de Montaña"},{"municipioId":95,"provinciaId":2,"nombreMunicipio":"San Juan de Urabá"},{"municipioId":96,"provinciaId":2,"nombreMunicipio":"San Luís"},{"municipioId":97,"provinciaId":2,"nombreMunicipio":"San Pedro"},{"municipioId":98,"provinciaId":2,"nombreMunicipio":"San Pedro de Urabá"},{"municipioId":99,"provinciaId":2,"nombreMunicipio":"San Rafael"},{"municipioId":100,"provinciaId":2,"nombreMunicipio":"San Roque"},{"municipioId":101,"provinciaId":2,"nombreMunicipio":"San Vicente"},{"municipioId":102,"provinciaId":2,"nombreMunicipio":"Santa Bárbara"},{"municipioId":103,"provinciaId":2,"nombreMunicipio":"Santa Fé de Antioquia"},{"municipioId":104,"provinciaId":2,"nombreMunicipio":"Santa Rosa de Osos"},{"municipioId":105,"provinciaId":2,"nombreMunicipio":"Santo Domingo"},{"municipioId":106,"provinciaId":2,"nombreMunicipio":"Santuario"},{"municipioId":107,"provinciaId":2,"nombreMunicipio":"Segovia"},{"municipioId":108,"provinciaId":2,"nombreMunicipio":"Sonsón"},{"municipioId":109,"provinciaId":2,"nombreMunicipio":"Sopetrán"},{"municipioId":110,"provinciaId":2,"nombreMunicipio":"Tarazá"},{"municipioId":111,"provinciaId":2,"nombreMunicipio":"Tarso"},{"municipioId":112,"provinciaId":2,"nombreMunicipio":"Titiribí"},{"municipioId":113,"provinciaId":2,"nombreMunicipio":"Toledo"},{"municipioId":114,"provinciaId":2,"nombreMunicipio":"Turbo"},{"municipioId":115,"provinciaId":2,"nombreMunicipio":"Támesis"},{"municipioId":116,"provinciaId":2,"nombreMunicipio":"Uramita"},{"municipioId":117,"provinciaId":2,"nombreMunicipio":"Urrao"},{"municipioId":118,"provinciaId":2,"nombreMunicipio":"Valdivia"},{"municipioId":119,"provinciaId":2,"nombreMunicipio":"Valparaiso"},{"municipioId":120,"provinciaId":2,"nombreMunicipio":"Vegachí"},{"municipioId":121,"provinciaId":2,"nombreMunicipio":"Venecia"},{"municipioId":122,"provinciaId":2,"nombreMunicipio":"Vigía del Fuerte"},{"municipioId":123,"provinciaId":2,"nombreMunicipio":"Yalí"},{"municipioId":124,"provinciaId":2,"nombreMunicipio":"Yarumal"},{"municipioId":125,"provinciaId":2,"nombreMunicipio":"Yolombó"},{"municipioId":126,"provinciaId":2,"nombreMunicipio":"Yondó (Casabe)"},{"municipioId":127,"provinciaId":2,"nombreMunicipio":"Zaragoza"},{"municipioId":128,"provinciaId":3,"nombreMunicipio":"Arauca"},{"municipioId":129,"provinciaId":3,"nombreMunicipio":"Arauquita"},{"municipioId":130,"provinciaId":3,"nombreMunicipio":"Cravo Norte"},{"municipioId":131,"provinciaId":3,"nombreMunicipio":"Fortúl"},{"municipioId":132,"provinciaId":3,"nombreMunicipio":"Puerto Rondón"},{"municipioId":133,"provinciaId":3,"nombreMunicipio":"Saravena"},{"municipioId":134,"provinciaId":3,"nombreMunicipio":"Tame"},{"municipioId":135,"provinciaId":4,"nombreMunicipio":"Baranoa"},{"municipioId":136,"provinciaId":4,"nombreMunicipio":"Barranquilla"},{"municipioId":137,"provinciaId":4,"nombreMunicipio":"Campo de la Cruz"},{"municipioId":138,"provinciaId":4,"nombreMunicipio":"Candelaria"},{"municipioId":139,"provinciaId":4,"nombreMunicipio":"Galapa"},{"municipioId":140,"provinciaId":4,"nombreMunicipio":"Juan de Acosta"},{"municipioId":141,"provinciaId":4,"nombreMunicipio":"Luruaco"},{"municipioId":142,"provinciaId":4,"nombreMunicipio":"Malambo"},{"municipioId":143,"provinciaId":4,"nombreMunicipio":"Manatí"},{"municipioId":144,"provinciaId":4,"nombreMunicipio":"Palmar de Varela"},{"municipioId":145,"provinciaId":4,"nombreMunicipio":"Piojo"},{"municipioId":146,"provinciaId":4,"nombreMunicipio":"Polonuevo"},{"municipioId":147,"provinciaId":4,"nombreMunicipio":"Ponedera"},{"municipioId":148,"provinciaId":4,"nombreMunicipio":"Puerto Colombia"},{"municipioId":149,"provinciaId":4,"nombreMunicipio":"Repelón"},{"municipioId":150,"provinciaId":4,"nombreMunicipio":"Sabanagrande"},{"municipioId":151,"provinciaId":4,"nombreMunicipio":"Sabanalarga"},{"municipioId":152,"provinciaId":4,"nombreMunicipio":"Santa Lucía"},{"municipioId":153,"provinciaId":4,"nombreMunicipio":"Santo Tomás"},{"municipioId":154,"provinciaId":4,"nombreMunicipio":"Soledad"},{"municipioId":155,"provinciaId":4,"nombreMunicipio":"Suan"},{"municipioId":156,"provinciaId":4,"nombreMunicipio":"Tubará"},{"municipioId":157,"provinciaId":4,"nombreMunicipio":"Usiacuri"},{"municipioId":158,"provinciaId":5,"nombreMunicipio":"Achí"},{"municipioId":159,"provinciaId":5,"nombreMunicipio":"Altos del Rosario"},{"municipioId":160,"provinciaId":5,"nombreMunicipio":"Arenal"},{"municipioId":161,"provinciaId":5,"nombreMunicipio":"Arjona"},{"municipioId":162,"provinciaId":5,"nombreMunicipio":"Arroyohondo"},{"municipioId":163,"provinciaId":5,"nombreMunicipio":"Barranco de Loba"},{"municipioId":164,"provinciaId":5,"nombreMunicipio":"Calamar"},{"municipioId":165,"provinciaId":5,"nombreMunicipio":"Cantagallo"},{"municipioId":166,"provinciaId":5,"nombreMunicipio":"Cartagena"},{"municipioId":167,"provinciaId":5,"nombreMunicipio":"Cicuco"},{"municipioId":168,"provinciaId":5,"nombreMunicipio":"Clemencia"},{"municipioId":169,"provinciaId":5,"nombreMunicipio":"Córdoba"},{"municipioId":170,"provinciaId":5,"nombreMunicipio":"El Carmen de Bolívar"},{"municipioId":171,"provinciaId":5,"nombreMunicipio":"El Guamo"},{"municipioId":172,"provinciaId":5,"nombreMunicipio":"El Peñon"},{"municipioId":173,"provinciaId":5,"nombreMunicipio":"Hatillo de Loba"},{"municipioId":174,"provinciaId":5,"nombreMunicipio":"Magangué"},{"municipioId":175,"provinciaId":5,"nombreMunicipio":"Mahates"},{"municipioId":176,"provinciaId":5,"nombreMunicipio":"Margarita"},{"municipioId":177,"provinciaId":5,"nombreMunicipio":"María la Baja"},{"municipioId":178,"provinciaId":5,"nombreMunicipio":"Mompós"},{"municipioId":179,"provinciaId":5,"nombreMunicipio":"Montecristo"},{"municipioId":180,"provinciaId":5,"nombreMunicipio":"Morales"},{"municipioId":181,"provinciaId":5,"nombreMunicipio":"Norosí"},{"municipioId":182,"provinciaId":5,"nombreMunicipio":"Pinillos"},{"municipioId":183,"provinciaId":5,"nombreMunicipio":"Regidor"},{"municipioId":184,"provinciaId":5,"nombreMunicipio":"Río Viejo"},{"municipioId":185,"provinciaId":5,"nombreMunicipio":"San Cristobal"},{"municipioId":186,"provinciaId":5,"nombreMunicipio":"San Estanislao"},{"municipioId":187,"provinciaId":5,"nombreMunicipio":"San Fernando"},{"municipioId":188,"provinciaId":5,"nombreMunicipio":"San Jacinto"},{"municipioId":189,"provinciaId":5,"nombreMunicipio":"San Jacinto del Cauca"},{"municipioId":190,"provinciaId":5,"nombreMunicipio":"San Juan de Nepomuceno"},{"municipioId":191,"provinciaId":5,"nombreMunicipio":"San Martín de Loba"},{"municipioId":192,"provinciaId":5,"nombreMunicipio":"San Pablo"},{"municipioId":193,"provinciaId":5,"nombreMunicipio":"Santa Catalina"},{"municipioId":194,"provinciaId":5,"nombreMunicipio":"Santa Rosa "},{"municipioId":195,"provinciaId":5,"nombreMunicipio":"Santa Rosa del Sur"},{"municipioId":196,"provinciaId":5,"nombreMunicipio":"Simití"},{"municipioId":197,"provinciaId":5,"nombreMunicipio":"Soplaviento"},{"municipioId":198,"provinciaId":5,"nombreMunicipio":"Talaigua Nuevo"},{"municipioId":199,"provinciaId":5,"nombreMunicipio":"Tiquisio (Puerto Rico)"},{"municipioId":200,"provinciaId":5,"nombreMunicipio":"Turbaco"},{"municipioId":201,"provinciaId":5,"nombreMunicipio":"Turbaná"},{"municipioId":202,"provinciaId":5,"nombreMunicipio":"Villanueva"},{"municipioId":203,"provinciaId":5,"nombreMunicipio":"Zambrano"},{"municipioId":204,"provinciaId":6,"nombreMunicipio":"Almeida"},{"municipioId":205,"provinciaId":6,"nombreMunicipio":"Aquitania"},{"municipioId":206,"provinciaId":6,"nombreMunicipio":"Arcabuco"},{"municipioId":207,"provinciaId":6,"nombreMunicipio":"Belén"},{"municipioId":208,"provinciaId":6,"nombreMunicipio":"Berbeo"},{"municipioId":209,"provinciaId":6,"nombreMunicipio":"Beteitiva"},{"municipioId":210,"provinciaId":6,"nombreMunicipio":"Boavita"},{"municipioId":211,"provinciaId":6,"nombreMunicipio":"Boyacá"},{"municipioId":212,"provinciaId":6,"nombreMunicipio":"Briceño"},{"municipioId":213,"provinciaId":6,"nombreMunicipio":"Buenavista"},{"municipioId":214,"provinciaId":6,"nombreMunicipio":"Busbanza"},{"municipioId":215,"provinciaId":6,"nombreMunicipio":"Caldas"},{"municipioId":216,"provinciaId":6,"nombreMunicipio":"Campohermoso"},{"municipioId":217,"provinciaId":6,"nombreMunicipio":"Cerinza"},{"municipioId":218,"provinciaId":6,"nombreMunicipio":"Chinavita"},{"municipioId":219,"provinciaId":6,"nombreMunicipio":"Chiquinquirá"},{"municipioId":220,"provinciaId":6,"nombreMunicipio":"Chiscas"},{"municipioId":221,"provinciaId":6,"nombreMunicipio":"Chita"},{"municipioId":222,"provinciaId":6,"nombreMunicipio":"Chitaraque"},{"municipioId":223,"provinciaId":6,"nombreMunicipio":"Chivatá"},{"municipioId":224,"provinciaId":6,"nombreMunicipio":"Chíquiza"},{"municipioId":225,"provinciaId":6,"nombreMunicipio":"Chívor"},{"municipioId":226,"provinciaId":6,"nombreMunicipio":"Ciénaga"},{"municipioId":227,"provinciaId":6,"nombreMunicipio":"Coper"},{"municipioId":228,"provinciaId":6,"nombreMunicipio":"Corrales"},{"municipioId":229,"provinciaId":6,"nombreMunicipio":"Covarachía"},{"municipioId":230,"provinciaId":6,"nombreMunicipio":"Cubará"},{"municipioId":231,"provinciaId":6,"nombreMunicipio":"Cucaita"},{"municipioId":232,"provinciaId":6,"nombreMunicipio":"Cuitiva"},{"municipioId":233,"provinciaId":6,"nombreMunicipio":"Cómbita"},{"municipioId":234,"provinciaId":6,"nombreMunicipio":"Duitama"},{"municipioId":235,"provinciaId":6,"nombreMunicipio":"El Cocuy"},{"municipioId":236,"provinciaId":6,"nombreMunicipio":"El Espino"},{"municipioId":237,"provinciaId":6,"nombreMunicipio":"Firavitoba"},{"municipioId":238,"provinciaId":6,"nombreMunicipio":"Floresta"},{"municipioId":239,"provinciaId":6,"nombreMunicipio":"Gachantivá"},{"municipioId":240,"provinciaId":6,"nombreMunicipio":"Garagoa"},{"municipioId":241,"provinciaId":6,"nombreMunicipio":"Guacamayas"},{"municipioId":242,"provinciaId":6,"nombreMunicipio":"Guateque"},{"municipioId":243,"provinciaId":6,"nombreMunicipio":"Guayatá"},{"municipioId":244,"provinciaId":6,"nombreMunicipio":"Guicán"},{"municipioId":245,"provinciaId":6,"nombreMunicipio":"Gámeza"},{"municipioId":246,"provinciaId":6,"nombreMunicipio":"Izá"},{"municipioId":247,"provinciaId":6,"nombreMunicipio":"Jenesano"},{"municipioId":248,"provinciaId":6,"nombreMunicipio":"Jericó"},{"municipioId":249,"provinciaId":6,"nombreMunicipio":"La Capilla"},{"municipioId":250,"provinciaId":6,"nombreMunicipio":"La Uvita"},{"municipioId":251,"provinciaId":6,"nombreMunicipio":"La Victoria"},{"municipioId":252,"provinciaId":6,"nombreMunicipio":"Labranzagrande"},{"municipioId":253,"provinciaId":6,"nombreMunicipio":"Macanal"},{"municipioId":254,"provinciaId":6,"nombreMunicipio":"Maripí"},{"municipioId":255,"provinciaId":6,"nombreMunicipio":"Miraflores"},{"municipioId":256,"provinciaId":6,"nombreMunicipio":"Mongua"},{"municipioId":257,"provinciaId":6,"nombreMunicipio":"Monguí"},{"municipioId":258,"provinciaId":6,"nombreMunicipio":"Moniquirá"},{"municipioId":259,"provinciaId":6,"nombreMunicipio":"Motavita"},{"municipioId":260,"provinciaId":6,"nombreMunicipio":"Muzo"},{"municipioId":261,"provinciaId":6,"nombreMunicipio":"Nobsa"},{"municipioId":262,"provinciaId":6,"nombreMunicipio":"Nuevo Colón"},{"municipioId":263,"provinciaId":6,"nombreMunicipio":"Oicatá"},{"municipioId":264,"provinciaId":6,"nombreMunicipio":"Otanche"},{"municipioId":265,"provinciaId":6,"nombreMunicipio":"Pachavita"},{"municipioId":266,"provinciaId":6,"nombreMunicipio":"Paipa"},{"municipioId":267,"provinciaId":6,"nombreMunicipio":"Pajarito"},{"municipioId":268,"provinciaId":6,"nombreMunicipio":"Panqueba"},{"municipioId":269,"provinciaId":6,"nombreMunicipio":"Pauna"},{"municipioId":270,"provinciaId":6,"nombreMunicipio":"Paya"},{"municipioId":271,"provinciaId":6,"nombreMunicipio":"Paz de Río"},{"municipioId":272,"provinciaId":6,"nombreMunicipio":"Pesca"},{"municipioId":273,"provinciaId":6,"nombreMunicipio":"Pisva"},{"municipioId":274,"provinciaId":6,"nombreMunicipio":"Puerto Boyacá"},{"municipioId":275,"provinciaId":6,"nombreMunicipio":"Páez"},{"municipioId":276,"provinciaId":6,"nombreMunicipio":"Quipama"},{"municipioId":277,"provinciaId":6,"nombreMunicipio":"Ramiriquí"},{"municipioId":278,"provinciaId":6,"nombreMunicipio":"Rondón"},{"municipioId":279,"provinciaId":6,"nombreMunicipio":"Ráquira"},{"municipioId":280,"provinciaId":6,"nombreMunicipio":"Saboyá"},{"municipioId":281,"provinciaId":6,"nombreMunicipio":"Samacá"},{"municipioId":282,"provinciaId":6,"nombreMunicipio":"San Eduardo"},{"municipioId":283,"provinciaId":6,"nombreMunicipio":"San José de Pare"},{"municipioId":284,"provinciaId":6,"nombreMunicipio":"San Luís de Gaceno"},{"municipioId":285,"provinciaId":6,"nombreMunicipio":"San Mateo"},{"municipioId":286,"provinciaId":6,"nombreMunicipio":"San Miguel de Sema"},{"municipioId":287,"provinciaId":6,"nombreMunicipio":"San Pablo de Borbur"},{"municipioId":288,"provinciaId":6,"nombreMunicipio":"Santa María"},{"municipioId":289,"provinciaId":6,"nombreMunicipio":"Santa Rosa de Viterbo"},{"municipioId":290,"provinciaId":6,"nombreMunicipio":"Santa Sofía"},{"municipioId":291,"provinciaId":6,"nombreMunicipio":"Santana"},{"municipioId":292,"provinciaId":6,"nombreMunicipio":"Sativanorte"},{"municipioId":293,"provinciaId":6,"nombreMunicipio":"Sativasur"},{"municipioId":294,"provinciaId":6,"nombreMunicipio":"Siachoque"},{"municipioId":295,"provinciaId":6,"nombreMunicipio":"Soatá"},{"municipioId":296,"provinciaId":6,"nombreMunicipio":"Socha"},{"municipioId":297,"provinciaId":6,"nombreMunicipio":"Socotá"},{"municipioId":298,"provinciaId":6,"nombreMunicipio":"Sogamoso"},{"municipioId":299,"provinciaId":6,"nombreMunicipio":"Somondoco"},{"municipioId":300,"provinciaId":6,"nombreMunicipio":"Sora"},{"municipioId":301,"provinciaId":6,"nombreMunicipio":"Soracá"},{"municipioId":302,"provinciaId":6,"nombreMunicipio":"Sotaquirá"},{"municipioId":303,"provinciaId":6,"nombreMunicipio":"Susacón"},{"municipioId":304,"provinciaId":6,"nombreMunicipio":"Sutamarchán"},{"municipioId":305,"provinciaId":6,"nombreMunicipio":"Sutatenza"},{"municipioId":306,"provinciaId":6,"nombreMunicipio":"Sáchica"},{"municipioId":307,"provinciaId":6,"nombreMunicipio":"Tasco"},{"municipioId":308,"provinciaId":6,"nombreMunicipio":"Tenza"},{"municipioId":309,"provinciaId":6,"nombreMunicipio":"Tibaná"},{"municipioId":310,"provinciaId":6,"nombreMunicipio":"Tibasosa"},{"municipioId":311,"provinciaId":6,"nombreMunicipio":"Tinjacá"},{"municipioId":312,"provinciaId":6,"nombreMunicipio":"Tipacoque"},{"municipioId":313,"provinciaId":6,"nombreMunicipio":"Toca"},{"municipioId":314,"provinciaId":6,"nombreMunicipio":"Toguí"},{"municipioId":315,"provinciaId":6,"nombreMunicipio":"Topagá"},{"municipioId":316,"provinciaId":6,"nombreMunicipio":"Tota"},{"municipioId":317,"provinciaId":6,"nombreMunicipio":"Tunja"},{"municipioId":318,"provinciaId":6,"nombreMunicipio":"Tunungua"},{"municipioId":319,"provinciaId":6,"nombreMunicipio":"Turmequé"},{"municipioId":320,"provinciaId":6,"nombreMunicipio":"Tuta"},{"municipioId":321,"provinciaId":6,"nombreMunicipio":"Tutasá"},{"municipioId":322,"provinciaId":6,"nombreMunicipio":"Ventaquemada"},{"municipioId":323,"provinciaId":6,"nombreMunicipio":"Villa de Leiva"},{"municipioId":324,"provinciaId":6,"nombreMunicipio":"Viracachá"},{"municipioId":325,"provinciaId":6,"nombreMunicipio":"Zetaquirá"},{"municipioId":326,"provinciaId":6,"nombreMunicipio":"Úmbita"},{"municipioId":327,"provinciaId":7,"nombreMunicipio":"Aguadas"},{"municipioId":328,"provinciaId":7,"nombreMunicipio":"Anserma"},{"municipioId":329,"provinciaId":7,"nombreMunicipio":"Aranzazu"},{"municipioId":330,"provinciaId":7,"nombreMunicipio":"Belalcázar"},{"municipioId":331,"provinciaId":7,"nombreMunicipio":"Chinchiná"},{"municipioId":332,"provinciaId":7,"nombreMunicipio":"Filadelfia"},{"municipioId":333,"provinciaId":7,"nombreMunicipio":"La Dorada"},{"municipioId":334,"provinciaId":7,"nombreMunicipio":"La Merced"},{"municipioId":335,"provinciaId":7,"nombreMunicipio":"La Victoria"},{"municipioId":336,"provinciaId":7,"nombreMunicipio":"Manizales"},{"municipioId":337,"provinciaId":7,"nombreMunicipio":"Manzanares"},{"municipioId":338,"provinciaId":7,"nombreMunicipio":"Marmato"},{"municipioId":339,"provinciaId":7,"nombreMunicipio":"Marquetalia"},{"municipioId":340,"provinciaId":7,"nombreMunicipio":"Marulanda"},{"municipioId":341,"provinciaId":7,"nombreMunicipio":"Neira"},{"municipioId":342,"provinciaId":7,"nombreMunicipio":"Norcasia"},{"municipioId":343,"provinciaId":7,"nombreMunicipio":"Palestina"},{"municipioId":344,"provinciaId":7,"nombreMunicipio":"Pensilvania"},{"municipioId":345,"provinciaId":7,"nombreMunicipio":"Pácora"},{"municipioId":346,"provinciaId":7,"nombreMunicipio":"Risaralda"},{"municipioId":347,"provinciaId":7,"nombreMunicipio":"Río Sucio"},{"municipioId":348,"provinciaId":7,"nombreMunicipio":"Salamina"},{"municipioId":349,"provinciaId":7,"nombreMunicipio":"Samaná"},{"municipioId":350,"provinciaId":7,"nombreMunicipio":"San José"},{"municipioId":351,"provinciaId":7,"nombreMunicipio":"Supía"},{"municipioId":352,"provinciaId":7,"nombreMunicipio":"Villamaría"},{"municipioId":353,"provinciaId":7,"nombreMunicipio":"Viterbo"},{"municipioId":354,"provinciaId":8,"nombreMunicipio":"Albania"},{"municipioId":355,"provinciaId":8,"nombreMunicipio":"Belén de los Andaquíes"},{"municipioId":356,"provinciaId":8,"nombreMunicipio":"Cartagena del Chairá"},{"municipioId":357,"provinciaId":8,"nombreMunicipio":"Curillo"},{"municipioId":358,"provinciaId":8,"nombreMunicipio":"El Doncello"},{"municipioId":359,"provinciaId":8,"nombreMunicipio":"El Paujil"},{"municipioId":360,"provinciaId":8,"nombreMunicipio":"Florencia"},{"municipioId":361,"provinciaId":8,"nombreMunicipio":"La Montañita"},{"municipioId":362,"provinciaId":8,"nombreMunicipio":"Milán"},{"municipioId":363,"provinciaId":8,"nombreMunicipio":"Morelia"},{"municipioId":364,"provinciaId":8,"nombreMunicipio":"Puerto Rico"},{"municipioId":365,"provinciaId":8,"nombreMunicipio":"San José del Fragua"},{"municipioId":366,"provinciaId":8,"nombreMunicipio":"San Vicente del Caguán"},{"municipioId":367,"provinciaId":8,"nombreMunicipio":"Solano"},{"municipioId":368,"provinciaId":8,"nombreMunicipio":"Solita"},{"municipioId":369,"provinciaId":8,"nombreMunicipio":"Valparaiso"},{"municipioId":370,"provinciaId":9,"nombreMunicipio":"Aguazul"},{"municipioId":371,"provinciaId":9,"nombreMunicipio":"Chámeza"},{"municipioId":372,"provinciaId":9,"nombreMunicipio":"Hato Corozal"},{"municipioId":373,"provinciaId":9,"nombreMunicipio":"La Salina"},{"municipioId":374,"provinciaId":9,"nombreMunicipio":"Maní"},{"municipioId":375,"provinciaId":9,"nombreMunicipio":"Monterrey"},{"municipioId":376,"provinciaId":9,"nombreMunicipio":"Nunchía"},{"municipioId":377,"provinciaId":9,"nombreMunicipio":"Orocué"},{"municipioId":378,"provinciaId":9,"nombreMunicipio":"Paz de Ariporo"},{"municipioId":379,"provinciaId":9,"nombreMunicipio":"Pore"},{"municipioId":380,"provinciaId":9,"nombreMunicipio":"Recetor"},{"municipioId":381,"provinciaId":9,"nombreMunicipio":"Sabanalarga"},{"municipioId":382,"provinciaId":9,"nombreMunicipio":"San Luís de Palenque"},{"municipioId":383,"provinciaId":9,"nombreMunicipio":"Sácama"},{"municipioId":384,"provinciaId":9,"nombreMunicipio":"Tauramena"},{"municipioId":385,"provinciaId":9,"nombreMunicipio":"Trinidad"},{"municipioId":386,"provinciaId":9,"nombreMunicipio":"Támara"},{"municipioId":387,"provinciaId":9,"nombreMunicipio":"Villanueva"},{"municipioId":388,"provinciaId":9,"nombreMunicipio":"Yopal"},{"municipioId":389,"provinciaId":10,"nombreMunicipio":"Almaguer"},{"municipioId":390,"provinciaId":10,"nombreMunicipio":"Argelia"},{"municipioId":391,"provinciaId":10,"nombreMunicipio":"Balboa"},{"municipioId":392,"provinciaId":10,"nombreMunicipio":"Bolívar"},{"municipioId":393,"provinciaId":10,"nombreMunicipio":"Buenos Aires"},{"municipioId":394,"provinciaId":10,"nombreMunicipio":"Cajibío"},{"municipioId":395,"provinciaId":10,"nombreMunicipio":"Caldono"},{"municipioId":396,"provinciaId":10,"nombreMunicipio":"Caloto"},{"municipioId":397,"provinciaId":10,"nombreMunicipio":"Corinto"},{"municipioId":398,"provinciaId":10,"nombreMunicipio":"El Tambo"},{"municipioId":399,"provinciaId":10,"nombreMunicipio":"Florencia"},{"municipioId":400,"provinciaId":10,"nombreMunicipio":"Guachené"},{"municipioId":401,"provinciaId":10,"nombreMunicipio":"Guapí"},{"municipioId":402,"provinciaId":10,"nombreMunicipio":"Inzá"},{"municipioId":403,"provinciaId":10,"nombreMunicipio":"Jambaló"},{"municipioId":404,"provinciaId":10,"nombreMunicipio":"La Sierra"},{"municipioId":405,"provinciaId":10,"nombreMunicipio":"La Vega"},{"municipioId":406,"provinciaId":10,"nombreMunicipio":"López (Micay)"},{"municipioId":407,"provinciaId":10,"nombreMunicipio":"Mercaderes"},{"municipioId":408,"provinciaId":10,"nombreMunicipio":"Miranda"},{"municipioId":409,"provinciaId":10,"nombreMunicipio":"Morales"},{"municipioId":410,"provinciaId":10,"nombreMunicipio":"Padilla"},{"municipioId":411,"provinciaId":10,"nombreMunicipio":"Patía (El Bordo)"},{"municipioId":412,"provinciaId":10,"nombreMunicipio":"Piamonte"},{"municipioId":413,"provinciaId":10,"nombreMunicipio":"Piendamó"},{"municipioId":414,"provinciaId":10,"nombreMunicipio":"Popayán"},{"municipioId":415,"provinciaId":10,"nombreMunicipio":"Puerto Tejada"},{"municipioId":416,"provinciaId":10,"nombreMunicipio":"Puracé (Coconuco)"},{"municipioId":417,"provinciaId":10,"nombreMunicipio":"Páez (Belalcazar)"},{"municipioId":418,"provinciaId":10,"nombreMunicipio":"Rosas"},{"municipioId":419,"provinciaId":10,"nombreMunicipio":"San Sebastián"},{"municipioId":420,"provinciaId":10,"nombreMunicipio":"Santa Rosa"},{"municipioId":421,"provinciaId":10,"nombreMunicipio":"Santander de Quilichao"},{"municipioId":422,"provinciaId":10,"nombreMunicipio":"Silvia"},{"municipioId":423,"provinciaId":10,"nombreMunicipio":"Sotara (Paispamba)"},{"municipioId":424,"provinciaId":10,"nombreMunicipio":"Sucre"},{"municipioId":425,"provinciaId":10,"nombreMunicipio":"Suárez"},{"municipioId":426,"provinciaId":10,"nombreMunicipio":"Timbiquí"},{"municipioId":427,"provinciaId":10,"nombreMunicipio":"Timbío"},{"municipioId":428,"provinciaId":10,"nombreMunicipio":"Toribío"},{"municipioId":429,"provinciaId":10,"nombreMunicipio":"Totoró"},{"municipioId":430,"provinciaId":10,"nombreMunicipio":"Villa Rica"},{"municipioId":431,"provinciaId":11,"nombreMunicipio":"Aguachica"},{"municipioId":432,"provinciaId":11,"nombreMunicipio":"Agustín Codazzi"},{"municipioId":433,"provinciaId":11,"nombreMunicipio":"Astrea"},{"municipioId":434,"provinciaId":11,"nombreMunicipio":"Becerríl"},{"municipioId":435,"provinciaId":11,"nombreMunicipio":"Bosconia"},{"municipioId":436,"provinciaId":11,"nombreMunicipio":"Chimichagua"},{"municipioId":437,"provinciaId":11,"nombreMunicipio":"Chiriguaná"},{"municipioId":438,"provinciaId":11,"nombreMunicipio":"Curumaní"},{"municipioId":439,"provinciaId":11,"nombreMunicipio":"El Copey"},{"municipioId":440,"provinciaId":11,"nombreMunicipio":"El Paso"},{"municipioId":441,"provinciaId":11,"nombreMunicipio":"Gamarra"},{"municipioId":442,"provinciaId":11,"nombreMunicipio":"Gonzalez"},{"municipioId":443,"provinciaId":11,"nombreMunicipio":"La Gloria"},{"municipioId":444,"provinciaId":11,"nombreMunicipio":"La Jagua de Ibirico"},{"municipioId":445,"provinciaId":11,"nombreMunicipio":"La Paz (Robles)"},{"municipioId":446,"provinciaId":11,"nombreMunicipio":"Manaure Balcón del Cesar"},{"municipioId":447,"provinciaId":11,"nombreMunicipio":"Pailitas"},{"municipioId":448,"provinciaId":11,"nombreMunicipio":"Pelaya"},{"municipioId":449,"provinciaId":11,"nombreMunicipio":"Pueblo Bello"},{"municipioId":450,"provinciaId":11,"nombreMunicipio":"Río de oro"},{"municipioId":451,"provinciaId":11,"nombreMunicipio":"San Alberto"},{"municipioId":452,"provinciaId":11,"nombreMunicipio":"San Diego"},{"municipioId":453,"provinciaId":11,"nombreMunicipio":"San Martín"},{"municipioId":454,"provinciaId":11,"nombreMunicipio":"Tamalameque"},{"municipioId":455,"provinciaId":11,"nombreMunicipio":"Valledupar"},{"municipioId":456,"provinciaId":12,"nombreMunicipio":"Acandí"},{"municipioId":457,"provinciaId":12,"nombreMunicipio":"Alto Baudó (Pie de Pato)"},{"municipioId":458,"provinciaId":12,"nombreMunicipio":"Atrato (Yuto)"},{"municipioId":459,"provinciaId":12,"nombreMunicipio":"Bagadó"},{"municipioId":460,"provinciaId":12,"nombreMunicipio":"Bahía Solano (Mútis)"},{"municipioId":461,"provinciaId":12,"nombreMunicipio":"Bajo Baudó (Pizarro)"},{"municipioId":462,"provinciaId":12,"nombreMunicipio":"Belén de Bajirá"},{"municipioId":463,"provinciaId":12,"nombreMunicipio":"Bojayá (Bellavista)"},{"municipioId":464,"provinciaId":12,"nombreMunicipio":"Cantón de San Pablo"},{"municipioId":465,"provinciaId":12,"nombreMunicipio":"Carmen del Darién (CURBARADÓ)"},{"municipioId":466,"provinciaId":12,"nombreMunicipio":"Condoto"},{"municipioId":467,"provinciaId":12,"nombreMunicipio":"Cértegui"},{"municipioId":468,"provinciaId":12,"nombreMunicipio":"El Carmen de Atrato"},{"municipioId":469,"provinciaId":12,"nombreMunicipio":"Istmina"},{"municipioId":470,"provinciaId":12,"nombreMunicipio":"Juradó"},{"municipioId":471,"provinciaId":12,"nombreMunicipio":"Lloró"},{"municipioId":472,"provinciaId":12,"nombreMunicipio":"Medio Atrato"},{"municipioId":473,"provinciaId":12,"nombreMunicipio":"Medio Baudó"},{"municipioId":474,"provinciaId":12,"nombreMunicipio":"Medio San Juan (ANDAGOYA)"},{"municipioId":475,"provinciaId":12,"nombreMunicipio":"Novita"},{"municipioId":476,"provinciaId":12,"nombreMunicipio":"Nuquí"},{"municipioId":477,"provinciaId":12,"nombreMunicipio":"Quibdó"},{"municipioId":478,"provinciaId":12,"nombreMunicipio":"Río Iró"},{"municipioId":479,"provinciaId":12,"nombreMunicipio":"Río Quito"},{"municipioId":480,"provinciaId":12,"nombreMunicipio":"Ríosucio"},{"municipioId":481,"provinciaId":12,"nombreMunicipio":"San José del Palmar"},{"municipioId":482,"provinciaId":12,"nombreMunicipio":"Santa Genoveva de Docorodó"},{"municipioId":483,"provinciaId":12,"nombreMunicipio":"Sipí"},{"municipioId":484,"provinciaId":12,"nombreMunicipio":"Tadó"},{"municipioId":485,"provinciaId":12,"nombreMunicipio":"Unguía"},{"municipioId":486,"provinciaId":12,"nombreMunicipio":"Unión Panamericana (ÁNIMAS)"},{"municipioId":487,"provinciaId":13,"nombreMunicipio":"Ayapel"},{"municipioId":488,"provinciaId":13,"nombreMunicipio":"Buenavista"},{"municipioId":489,"provinciaId":13,"nombreMunicipio":"Canalete"},{"municipioId":490,"provinciaId":13,"nombreMunicipio":"Cereté"},{"municipioId":491,"provinciaId":13,"nombreMunicipio":"Chimá"},{"municipioId":492,"provinciaId":13,"nombreMunicipio":"Chinú"},{"municipioId":493,"provinciaId":13,"nombreMunicipio":"Ciénaga de Oro"},{"municipioId":494,"provinciaId":13,"nombreMunicipio":"Cotorra"},{"municipioId":495,"provinciaId":13,"nombreMunicipio":"La Apartada y La Frontera"},{"municipioId":496,"provinciaId":13,"nombreMunicipio":"Lorica"},{"municipioId":497,"provinciaId":13,"nombreMunicipio":"Los Córdobas"},{"municipioId":498,"provinciaId":13,"nombreMunicipio":"Momil"},{"municipioId":499,"provinciaId":13,"nombreMunicipio":"Montelíbano"},{"municipioId":500,"provinciaId":13,"nombreMunicipio":"Monteria"},{"municipioId":501,"provinciaId":13,"nombreMunicipio":"Moñitos"},{"municipioId":502,"provinciaId":13,"nombreMunicipio":"Planeta Rica"},{"municipioId":503,"provinciaId":13,"nombreMunicipio":"Pueblo Nuevo"},{"municipioId":504,"provinciaId":13,"nombreMunicipio":"Puerto Escondido"},{"municipioId":505,"provinciaId":13,"nombreMunicipio":"Puerto Libertador"},{"municipioId":506,"provinciaId":13,"nombreMunicipio":"Purísima"},{"municipioId":507,"provinciaId":13,"nombreMunicipio":"Sahagún"},{"municipioId":508,"provinciaId":13,"nombreMunicipio":"San Andrés Sotavento"},{"municipioId":509,"provinciaId":13,"nombreMunicipio":"San Antero"},{"municipioId":510,"provinciaId":13,"nombreMunicipio":"San Bernardo del Viento"},{"municipioId":511,"provinciaId":13,"nombreMunicipio":"San Carlos"},{"municipioId":512,"provinciaId":13,"nombreMunicipio":"San José de Uré"},{"municipioId":513,"provinciaId":13,"nombreMunicipio":"San Pelayo"},{"municipioId":514,"provinciaId":13,"nombreMunicipio":"Tierralta"},{"municipioId":515,"provinciaId":13,"nombreMunicipio":"Tuchín"},{"municipioId":516,"provinciaId":13,"nombreMunicipio":"Valencia"},{"municipioId":517,"provinciaId":14,"nombreMunicipio":"Agua de Dios"},{"municipioId":518,"provinciaId":14,"nombreMunicipio":"Albán"},{"municipioId":519,"provinciaId":14,"nombreMunicipio":"Anapoima"},{"municipioId":520,"provinciaId":14,"nombreMunicipio":"Anolaima"},{"municipioId":521,"provinciaId":14,"nombreMunicipio":"Apulo"},{"municipioId":522,"provinciaId":14,"nombreMunicipio":"Arbeláez"},{"municipioId":523,"provinciaId":14,"nombreMunicipio":"Beltrán"},{"municipioId":524,"provinciaId":14,"nombreMunicipio":"Bituima"},{"municipioId":525,"provinciaId":14,"nombreMunicipio":"Bogotá D.C."},{"municipioId":526,"provinciaId":14,"nombreMunicipio":"Bojacá"},{"municipioId":527,"provinciaId":14,"nombreMunicipio":"Cabrera"},{"municipioId":528,"provinciaId":14,"nombreMunicipio":"Cachipay"},{"municipioId":529,"provinciaId":14,"nombreMunicipio":"Cajicá"},{"municipioId":530,"provinciaId":14,"nombreMunicipio":"Caparrapí"},{"municipioId":531,"provinciaId":14,"nombreMunicipio":"Carmen de Carupa"},{"municipioId":532,"provinciaId":14,"nombreMunicipio":"Chaguaní"},{"municipioId":533,"provinciaId":14,"nombreMunicipio":"Chipaque"},{"municipioId":534,"provinciaId":14,"nombreMunicipio":"Choachí"},{"municipioId":535,"provinciaId":14,"nombreMunicipio":"Chocontá"},{"municipioId":536,"provinciaId":14,"nombreMunicipio":"Chía"},{"municipioId":537,"provinciaId":14,"nombreMunicipio":"Cogua"},{"municipioId":538,"provinciaId":14,"nombreMunicipio":"Cota"},{"municipioId":539,"provinciaId":14,"nombreMunicipio":"Cucunubá"},{"municipioId":540,"provinciaId":14,"nombreMunicipio":"Cáqueza"},{"municipioId":541,"provinciaId":14,"nombreMunicipio":"El Colegio"},{"municipioId":542,"provinciaId":14,"nombreMunicipio":"El Peñón"},{"municipioId":543,"provinciaId":14,"nombreMunicipio":"El Rosal"},{"municipioId":544,"provinciaId":14,"nombreMunicipio":"Facatativá"},{"municipioId":545,"provinciaId":14,"nombreMunicipio":"Fosca"},{"municipioId":546,"provinciaId":14,"nombreMunicipio":"Funza"},{"municipioId":547,"provinciaId":14,"nombreMunicipio":"Fusagasugá"},{"municipioId":548,"provinciaId":14,"nombreMunicipio":"Fómeque"},{"municipioId":549,"provinciaId":14,"nombreMunicipio":"Fúquene"},{"municipioId":550,"provinciaId":14,"nombreMunicipio":"Gachalá"},{"municipioId":551,"provinciaId":14,"nombreMunicipio":"Gachancipá"},{"municipioId":552,"provinciaId":14,"nombreMunicipio":"Gachetá"},{"municipioId":553,"provinciaId":14,"nombreMunicipio":"Gama"},{"municipioId":554,"provinciaId":14,"nombreMunicipio":"Girardot"},{"municipioId":555,"provinciaId":14,"nombreMunicipio":"Granada"},{"municipioId":556,"provinciaId":14,"nombreMunicipio":"Guachetá"},{"municipioId":557,"provinciaId":14,"nombreMunicipio":"Guaduas"},{"municipioId":558,"provinciaId":14,"nombreMunicipio":"Guasca"},{"municipioId":559,"provinciaId":14,"nombreMunicipio":"Guataquí"},{"municipioId":560,"provinciaId":14,"nombreMunicipio":"Guatavita"},{"municipioId":561,"provinciaId":14,"nombreMunicipio":"Guayabal de Siquima"},{"municipioId":562,"provinciaId":14,"nombreMunicipio":"Guayabetal"},{"municipioId":563,"provinciaId":14,"nombreMunicipio":"Gutiérrez"},{"municipioId":564,"provinciaId":14,"nombreMunicipio":"Jerusalén"},{"municipioId":565,"provinciaId":14,"nombreMunicipio":"Junín"},{"municipioId":566,"provinciaId":14,"nombreMunicipio":"La Calera"},{"municipioId":567,"provinciaId":14,"nombreMunicipio":"La Mesa"},{"municipioId":568,"provinciaId":14,"nombreMunicipio":"La Palma"},{"municipioId":569,"provinciaId":14,"nombreMunicipio":"La Peña"},{"municipioId":570,"provinciaId":14,"nombreMunicipio":"La Vega"},{"municipioId":571,"provinciaId":14,"nombreMunicipio":"Lenguazaque"},{"municipioId":572,"provinciaId":14,"nombreMunicipio":"Machetá"},{"municipioId":573,"provinciaId":14,"nombreMunicipio":"Madrid"},{"municipioId":574,"provinciaId":14,"nombreMunicipio":"Manta"},{"municipioId":575,"provinciaId":14,"nombreMunicipio":"Medina"},{"municipioId":576,"provinciaId":14,"nombreMunicipio":"Mosquera"},{"municipioId":577,"provinciaId":14,"nombreMunicipio":"Nariño"},{"municipioId":578,"provinciaId":14,"nombreMunicipio":"Nemocón"},{"municipioId":579,"provinciaId":14,"nombreMunicipio":"Nilo"},{"municipioId":580,"provinciaId":14,"nombreMunicipio":"Nimaima"},{"municipioId":581,"provinciaId":14,"nombreMunicipio":"Nocaima"},{"municipioId":582,"provinciaId":14,"nombreMunicipio":"Pacho"},{"municipioId":583,"provinciaId":14,"nombreMunicipio":"Paime"},{"municipioId":584,"provinciaId":14,"nombreMunicipio":"Pandi"},{"municipioId":585,"provinciaId":14,"nombreMunicipio":"Paratebueno"},{"municipioId":586,"provinciaId":14,"nombreMunicipio":"Pasca"},{"municipioId":587,"provinciaId":14,"nombreMunicipio":"Puerto Salgar"},{"municipioId":588,"provinciaId":14,"nombreMunicipio":"Pulí"},{"municipioId":589,"provinciaId":14,"nombreMunicipio":"Quebradanegra"},{"municipioId":590,"provinciaId":14,"nombreMunicipio":"Quetame"},{"municipioId":591,"provinciaId":14,"nombreMunicipio":"Quipile"},{"municipioId":592,"provinciaId":14,"nombreMunicipio":"Ricaurte"},{"municipioId":593,"provinciaId":14,"nombreMunicipio":"San Antonio de Tequendama"},{"municipioId":594,"provinciaId":14,"nombreMunicipio":"San Bernardo"},{"municipioId":595,"provinciaId":14,"nombreMunicipio":"San Cayetano"},{"municipioId":596,"provinciaId":14,"nombreMunicipio":"San Francisco"},{"municipioId":597,"provinciaId":14,"nombreMunicipio":"San Juan de Río Seco"},{"municipioId":598,"provinciaId":14,"nombreMunicipio":"Sasaima"},{"municipioId":599,"provinciaId":14,"nombreMunicipio":"Sesquilé"},{"municipioId":600,"provinciaId":14,"nombreMunicipio":"Sibaté"},{"municipioId":601,"provinciaId":14,"nombreMunicipio":"Silvania"},{"municipioId":602,"provinciaId":14,"nombreMunicipio":"Simijaca"},{"municipioId":603,"provinciaId":14,"nombreMunicipio":"Soacha"},{"municipioId":604,"provinciaId":14,"nombreMunicipio":"Sopó"},{"municipioId":605,"provinciaId":14,"nombreMunicipio":"Subachoque"},{"municipioId":606,"provinciaId":14,"nombreMunicipio":"Suesca"},{"municipioId":607,"provinciaId":14,"nombreMunicipio":"Supatá"},{"municipioId":608,"provinciaId":14,"nombreMunicipio":"Susa"},{"municipioId":609,"provinciaId":14,"nombreMunicipio":"Sutatausa"},{"municipioId":610,"provinciaId":14,"nombreMunicipio":"Tabio"},{"municipioId":611,"provinciaId":14,"nombreMunicipio":"Tausa"},{"municipioId":612,"provinciaId":14,"nombreMunicipio":"Tena"},{"municipioId":613,"provinciaId":14,"nombreMunicipio":"Tenjo"},{"municipioId":614,"provinciaId":14,"nombreMunicipio":"Tibacuy"},{"municipioId":615,"provinciaId":14,"nombreMunicipio":"Tibirita"},{"municipioId":616,"provinciaId":14,"nombreMunicipio":"Tocaima"},{"municipioId":617,"provinciaId":14,"nombreMunicipio":"Tocancipá"},{"municipioId":618,"provinciaId":14,"nombreMunicipio":"Topaipí"},{"municipioId":619,"provinciaId":14,"nombreMunicipio":"Ubalá"},{"municipioId":620,"provinciaId":14,"nombreMunicipio":"Ubaque"},{"municipioId":621,"provinciaId":14,"nombreMunicipio":"Ubaté"},{"municipioId":622,"provinciaId":14,"nombreMunicipio":"Une"},{"municipioId":623,"provinciaId":14,"nombreMunicipio":"Venecia (Ospina Pérez)"},{"municipioId":624,"provinciaId":14,"nombreMunicipio":"Vergara"},{"municipioId":625,"provinciaId":14,"nombreMunicipio":"Viani"},{"municipioId":626,"provinciaId":14,"nombreMunicipio":"Villagómez"},{"municipioId":627,"provinciaId":14,"nombreMunicipio":"Villapinzón"},{"municipioId":628,"provinciaId":14,"nombreMunicipio":"Villeta"},{"municipioId":629,"provinciaId":14,"nombreMunicipio":"Viotá"},{"municipioId":630,"provinciaId":14,"nombreMunicipio":"Yacopí"},{"municipioId":631,"provinciaId":14,"nombreMunicipio":"Zipacón"},{"municipioId":632,"provinciaId":14,"nombreMunicipio":"Zipaquirá"},{"municipioId":633,"provinciaId":14,"nombreMunicipio":"Útica"},{"municipioId":634,"provinciaId":15,"nombreMunicipio":"Inírida"},{"municipioId":635,"provinciaId":16,"nombreMunicipio":"Calamar"},{"municipioId":636,"provinciaId":16,"nombreMunicipio":"El Retorno"},{"municipioId":637,"provinciaId":16,"nombreMunicipio":"Miraflores"},{"municipioId":638,"provinciaId":16,"nombreMunicipio":"San José del Guaviare"},{"municipioId":639,"provinciaId":17,"nombreMunicipio":"Acevedo"},{"municipioId":640,"provinciaId":17,"nombreMunicipio":"Agrado"},{"municipioId":641,"provinciaId":17,"nombreMunicipio":"Aipe"},{"municipioId":642,"provinciaId":17,"nombreMunicipio":"Algeciras"},{"municipioId":643,"provinciaId":17,"nombreMunicipio":"Altamira"},{"municipioId":644,"provinciaId":17,"nombreMunicipio":"Baraya"},{"municipioId":645,"provinciaId":17,"nombreMunicipio":"Campoalegre"},{"municipioId":646,"provinciaId":17,"nombreMunicipio":"Colombia"},{"municipioId":647,"provinciaId":17,"nombreMunicipio":"Elías"},{"municipioId":648,"provinciaId":17,"nombreMunicipio":"Garzón"},{"municipioId":649,"provinciaId":17,"nombreMunicipio":"Gigante"},{"municipioId":650,"provinciaId":17,"nombreMunicipio":"Guadalupe"},{"municipioId":651,"provinciaId":17,"nombreMunicipio":"Hobo"},{"municipioId":652,"provinciaId":17,"nombreMunicipio":"Isnos"},{"municipioId":653,"provinciaId":17,"nombreMunicipio":"La Argentina"},{"municipioId":654,"provinciaId":17,"nombreMunicipio":"La Plata"},{"municipioId":655,"provinciaId":17,"nombreMunicipio":"Neiva"},{"municipioId":656,"provinciaId":17,"nombreMunicipio":"Nátaga"},{"municipioId":657,"provinciaId":17,"nombreMunicipio":"Oporapa"},{"municipioId":658,"provinciaId":17,"nombreMunicipio":"Paicol"},{"municipioId":659,"provinciaId":17,"nombreMunicipio":"Palermo"},{"municipioId":660,"provinciaId":17,"nombreMunicipio":"Palestina"},{"municipioId":661,"provinciaId":17,"nombreMunicipio":"Pital"},{"municipioId":662,"provinciaId":17,"nombreMunicipio":"Pitalito"},{"municipioId":663,"provinciaId":17,"nombreMunicipio":"Rivera"},{"municipioId":664,"provinciaId":17,"nombreMunicipio":"Saladoblanco"},{"municipioId":665,"provinciaId":17,"nombreMunicipio":"San Agustín"},{"municipioId":666,"provinciaId":17,"nombreMunicipio":"Santa María"},{"municipioId":667,"provinciaId":17,"nombreMunicipio":"Suaza"},{"municipioId":668,"provinciaId":17,"nombreMunicipio":"Tarqui"},{"municipioId":669,"provinciaId":17,"nombreMunicipio":"Tello"},{"municipioId":670,"provinciaId":17,"nombreMunicipio":"Teruel"},{"municipioId":671,"provinciaId":17,"nombreMunicipio":"Tesalia"},{"municipioId":672,"provinciaId":17,"nombreMunicipio":"Timaná"},{"municipioId":673,"provinciaId":17,"nombreMunicipio":"Villavieja"},{"municipioId":674,"provinciaId":17,"nombreMunicipio":"Yaguará"},{"municipioId":675,"provinciaId":17,"nombreMunicipio":"Íquira"},{"municipioId":676,"provinciaId":18,"nombreMunicipio":"Albania"},{"municipioId":677,"provinciaId":18,"nombreMunicipio":"Barrancas"},{"municipioId":678,"provinciaId":18,"nombreMunicipio":"Dibulla"},{"municipioId":679,"provinciaId":18,"nombreMunicipio":"Distracción"},{"municipioId":680,"provinciaId":18,"nombreMunicipio":"El Molino"},{"municipioId":681,"provinciaId":18,"nombreMunicipio":"Fonseca"},{"municipioId":682,"provinciaId":18,"nombreMunicipio":"Hatonuevo"},{"municipioId":683,"provinciaId":18,"nombreMunicipio":"La Jagua del Pilar"},{"municipioId":684,"provinciaId":18,"nombreMunicipio":"Maicao"},{"municipioId":685,"provinciaId":18,"nombreMunicipio":"Manaure"},{"municipioId":686,"provinciaId":18,"nombreMunicipio":"Riohacha"},{"municipioId":687,"provinciaId":18,"nombreMunicipio":"San Juan del Cesar"},{"municipioId":688,"provinciaId":18,"nombreMunicipio":"Uribia"},{"municipioId":689,"provinciaId":18,"nombreMunicipio":"Urumita"},{"municipioId":690,"provinciaId":18,"nombreMunicipio":"Villanueva"},{"municipioId":691,"provinciaId":19,"nombreMunicipio":"Algarrobo"},{"municipioId":692,"provinciaId":19,"nombreMunicipio":"Aracataca"},{"municipioId":693,"provinciaId":19,"nombreMunicipio":"Ariguaní (El Difícil)"},{"municipioId":694,"provinciaId":19,"nombreMunicipio":"Cerro San Antonio"},{"municipioId":695,"provinciaId":19,"nombreMunicipio":"Chivolo"},{"municipioId":696,"provinciaId":19,"nombreMunicipio":"Ciénaga"},{"municipioId":697,"provinciaId":19,"nombreMunicipio":"Concordia"},{"municipioId":698,"provinciaId":19,"nombreMunicipio":"El Banco"},{"municipioId":699,"provinciaId":19,"nombreMunicipio":"El Piñon"},{"municipioId":700,"provinciaId":19,"nombreMunicipio":"El Retén"},{"municipioId":701,"provinciaId":19,"nombreMunicipio":"Fundación"},{"municipioId":702,"provinciaId":19,"nombreMunicipio":"Guamal"},{"municipioId":703,"provinciaId":19,"nombreMunicipio":"Nueva Granada"},{"municipioId":704,"provinciaId":19,"nombreMunicipio":"Pedraza"},{"municipioId":705,"provinciaId":19,"nombreMunicipio":"Pijiño"},{"municipioId":706,"provinciaId":19,"nombreMunicipio":"Pivijay"},{"municipioId":707,"provinciaId":19,"nombreMunicipio":"Plato"},{"municipioId":708,"provinciaId":19,"nombreMunicipio":"Puebloviejo"},{"municipioId":709,"provinciaId":19,"nombreMunicipio":"Remolino"},{"municipioId":710,"provinciaId":19,"nombreMunicipio":"Sabanas de San Angel (SAN ANGEL)"},{"municipioId":711,"provinciaId":19,"nombreMunicipio":"Salamina"},{"municipioId":712,"provinciaId":19,"nombreMunicipio":"San Sebastián de Buenavista"},{"municipioId":713,"provinciaId":19,"nombreMunicipio":"San Zenón"},{"municipioId":714,"provinciaId":19,"nombreMunicipio":"Santa Ana"},{"municipioId":715,"provinciaId":19,"nombreMunicipio":"Santa Bárbara de Pinto"},{"municipioId":716,"provinciaId":19,"nombreMunicipio":"Santa Marta"},{"municipioId":717,"provinciaId":19,"nombreMunicipio":"Sitionuevo"},{"municipioId":718,"provinciaId":19,"nombreMunicipio":"Tenerife"},{"municipioId":719,"provinciaId":19,"nombreMunicipio":"Zapayán (PUNTA DE PIEDRAS)"},{"municipioId":720,"provinciaId":19,"nombreMunicipio":"Zona Bananera (PRADO - SEVILLA)"},{"municipioId":721,"provinciaId":20,"nombreMunicipio":"Acacías"},{"municipioId":722,"provinciaId":20,"nombreMunicipio":"Barranca de Upía"},{"municipioId":723,"provinciaId":20,"nombreMunicipio":"Cabuyaro"},{"municipioId":724,"provinciaId":20,"nombreMunicipio":"Castilla la Nueva"},{"municipioId":725,"provinciaId":20,"nombreMunicipio":"Cubarral"},{"municipioId":726,"provinciaId":20,"nombreMunicipio":"Cumaral"},{"municipioId":727,"provinciaId":20,"nombreMunicipio":"El Calvario"},{"municipioId":728,"provinciaId":20,"nombreMunicipio":"El Castillo"},{"municipioId":729,"provinciaId":20,"nombreMunicipio":"El Dorado"},{"municipioId":730,"provinciaId":20,"nombreMunicipio":"Fuente de Oro"},{"municipioId":731,"provinciaId":20,"nombreMunicipio":"Granada"},{"municipioId":732,"provinciaId":20,"nombreMunicipio":"Guamal"},{"municipioId":733,"provinciaId":20,"nombreMunicipio":"La Macarena"},{"municipioId":734,"provinciaId":20,"nombreMunicipio":"Lejanías"},{"municipioId":735,"provinciaId":20,"nombreMunicipio":"Mapiripan"},{"municipioId":736,"provinciaId":20,"nombreMunicipio":"Mesetas"},{"municipioId":737,"provinciaId":20,"nombreMunicipio":"Puerto Concordia"},{"municipioId":738,"provinciaId":20,"nombreMunicipio":"Puerto Gaitán"},{"municipioId":739,"provinciaId":20,"nombreMunicipio":"Puerto Lleras"},{"municipioId":740,"provinciaId":20,"nombreMunicipio":"Puerto López"},{"municipioId":741,"provinciaId":20,"nombreMunicipio":"Puerto Rico"},{"municipioId":742,"provinciaId":20,"nombreMunicipio":"Restrepo"},{"municipioId":743,"provinciaId":20,"nombreMunicipio":"San Carlos de Guaroa"},{"municipioId":744,"provinciaId":20,"nombreMunicipio":"San Juan de Arama"},{"municipioId":745,"provinciaId":20,"nombreMunicipio":"San Juanito"},{"municipioId":746,"provinciaId":20,"nombreMunicipio":"San Martín"},{"municipioId":747,"provinciaId":20,"nombreMunicipio":"Uribe"},{"municipioId":748,"provinciaId":20,"nombreMunicipio":"Villavicencio"},{"municipioId":749,"provinciaId":20,"nombreMunicipio":"Vista Hermosa"},{"municipioId":750,"provinciaId":21,"nombreMunicipio":"Albán (San José)"},{"municipioId":751,"provinciaId":21,"nombreMunicipio":"Aldana"},{"municipioId":752,"provinciaId":21,"nombreMunicipio":"Ancuya"},{"municipioId":753,"provinciaId":21,"nombreMunicipio":"Arboleda (Berruecos)"},{"municipioId":754,"provinciaId":21,"nombreMunicipio":"Barbacoas"},{"municipioId":755,"provinciaId":21,"nombreMunicipio":"Belén"},{"municipioId":756,"provinciaId":21,"nombreMunicipio":"Buesaco"},{"municipioId":757,"provinciaId":21,"nombreMunicipio":"Chachaguí"},{"municipioId":758,"provinciaId":21,"nombreMunicipio":"Colón (Génova)"},{"municipioId":759,"provinciaId":21,"nombreMunicipio":"Consaca"},{"municipioId":760,"provinciaId":21,"nombreMunicipio":"Contadero"},{"municipioId":761,"provinciaId":21,"nombreMunicipio":"Cuaspud (Carlosama)"},{"municipioId":762,"provinciaId":21,"nombreMunicipio":"Cumbal"},{"municipioId":763,"provinciaId":21,"nombreMunicipio":"Cumbitara"},{"municipioId":764,"provinciaId":21,"nombreMunicipio":"Córdoba"},{"municipioId":765,"provinciaId":21,"nombreMunicipio":"El Charco"},{"municipioId":766,"provinciaId":21,"nombreMunicipio":"El Peñol"},{"municipioId":767,"provinciaId":21,"nombreMunicipio":"El Rosario"},{"municipioId":768,"provinciaId":21,"nombreMunicipio":"El Tablón de Gómez"},{"municipioId":769,"provinciaId":21,"nombreMunicipio":"El Tambo"},{"municipioId":770,"provinciaId":21,"nombreMunicipio":"Francisco Pizarro"},{"municipioId":771,"provinciaId":21,"nombreMunicipio":"Funes"},{"municipioId":772,"provinciaId":21,"nombreMunicipio":"Guachavés"},{"municipioId":773,"provinciaId":21,"nombreMunicipio":"Guachucal"},{"municipioId":774,"provinciaId":21,"nombreMunicipio":"Guaitarilla"},{"municipioId":775,"provinciaId":21,"nombreMunicipio":"Gualmatán"},{"municipioId":776,"provinciaId":21,"nombreMunicipio":"Iles"},{"municipioId":777,"provinciaId":21,"nombreMunicipio":"Imúes"},{"municipioId":778,"provinciaId":21,"nombreMunicipio":"Ipiales"},{"municipioId":779,"provinciaId":21,"nombreMunicipio":"La Cruz"},{"municipioId":780,"provinciaId":21,"nombreMunicipio":"La Florida"},{"municipioId":781,"provinciaId":21,"nombreMunicipio":"La Llanada"},{"municipioId":782,"provinciaId":21,"nombreMunicipio":"La Tola"},{"municipioId":783,"provinciaId":21,"nombreMunicipio":"La Unión"},{"municipioId":784,"provinciaId":21,"nombreMunicipio":"Leiva"},{"municipioId":785,"provinciaId":21,"nombreMunicipio":"Linares"},{"municipioId":786,"provinciaId":21,"nombreMunicipio":"Magüi (Payán)"},{"municipioId":787,"provinciaId":21,"nombreMunicipio":"Mallama (Piedrancha)"},{"municipioId":788,"provinciaId":21,"nombreMunicipio":"Mosquera"},{"municipioId":789,"provinciaId":21,"nombreMunicipio":"Nariño"},{"municipioId":790,"provinciaId":21,"nombreMunicipio":"Olaya Herrera"},{"municipioId":791,"provinciaId":21,"nombreMunicipio":"Ospina"},{"municipioId":792,"provinciaId":21,"nombreMunicipio":"Policarpa"},{"municipioId":793,"provinciaId":21,"nombreMunicipio":"Potosí"},{"municipioId":794,"provinciaId":21,"nombreMunicipio":"Providencia"},{"municipioId":795,"provinciaId":21,"nombreMunicipio":"Puerres"},{"municipioId":796,"provinciaId":21,"nombreMunicipio":"Pupiales"},{"municipioId":797,"provinciaId":21,"nombreMunicipio":"Ricaurte"},{"municipioId":798,"provinciaId":21,"nombreMunicipio":"Roberto Payán (San José)"},{"municipioId":799,"provinciaId":21,"nombreMunicipio":"Samaniego"},{"municipioId":800,"provinciaId":21,"nombreMunicipio":"San Bernardo"},{"municipioId":801,"provinciaId":21,"nombreMunicipio":"San Juan de Pasto"},{"municipioId":802,"provinciaId":21,"nombreMunicipio":"San Lorenzo"},{"municipioId":803,"provinciaId":21,"nombreMunicipio":"San Pablo"},{"municipioId":804,"provinciaId":21,"nombreMunicipio":"San Pedro de Cartago"},{"municipioId":805,"provinciaId":21,"nombreMunicipio":"Sandoná"},{"municipioId":806,"provinciaId":21,"nombreMunicipio":"Santa Bárbara (Iscuandé)"},{"municipioId":807,"provinciaId":21,"nombreMunicipio":"Sapuyes"},{"municipioId":808,"provinciaId":21,"nombreMunicipio":"Sotomayor (Los Andes)"},{"municipioId":809,"provinciaId":21,"nombreMunicipio":"Taminango"},{"municipioId":810,"provinciaId":21,"nombreMunicipio":"Tangua"},{"municipioId":811,"provinciaId":21,"nombreMunicipio":"Tumaco"},{"municipioId":812,"provinciaId":21,"nombreMunicipio":"Túquerres"},{"municipioId":813,"provinciaId":21,"nombreMunicipio":"Yacuanquer"},{"municipioId":814,"provinciaId":22,"nombreMunicipio":"Arboledas"},{"municipioId":815,"provinciaId":22,"nombreMunicipio":"Bochalema"},{"municipioId":816,"provinciaId":22,"nombreMunicipio":"Bucarasica"},{"municipioId":817,"provinciaId":22,"nombreMunicipio":"Chinácota"},{"municipioId":818,"provinciaId":22,"nombreMunicipio":"Chitagá"},{"municipioId":819,"provinciaId":22,"nombreMunicipio":"Convención"},{"municipioId":820,"provinciaId":22,"nombreMunicipio":"Cucutilla"},{"municipioId":821,"provinciaId":22,"nombreMunicipio":"Cáchira"},{"municipioId":822,"provinciaId":22,"nombreMunicipio":"Cácota"},{"municipioId":823,"provinciaId":22,"nombreMunicipio":"Cúcuta"},{"municipioId":824,"provinciaId":22,"nombreMunicipio":"Durania"},{"municipioId":825,"provinciaId":22,"nombreMunicipio":"El Carmen"},{"municipioId":826,"provinciaId":22,"nombreMunicipio":"El Tarra"},{"municipioId":827,"provinciaId":22,"nombreMunicipio":"El Zulia"},{"municipioId":828,"provinciaId":22,"nombreMunicipio":"Gramalote"},{"municipioId":829,"provinciaId":22,"nombreMunicipio":"Hacarí"},{"municipioId":830,"provinciaId":22,"nombreMunicipio":"Herrán"},{"municipioId":831,"provinciaId":22,"nombreMunicipio":"La Esperanza"},{"municipioId":832,"provinciaId":22,"nombreMunicipio":"La Playa"},{"municipioId":833,"provinciaId":22,"nombreMunicipio":"Labateca"},{"municipioId":834,"provinciaId":22,"nombreMunicipio":"Los Patios"},{"municipioId":835,"provinciaId":22,"nombreMunicipio":"Lourdes"},{"municipioId":836,"provinciaId":22,"nombreMunicipio":"Mutiscua"},{"municipioId":837,"provinciaId":22,"nombreMunicipio":"Ocaña"},{"municipioId":838,"provinciaId":22,"nombreMunicipio":"Pamplona"},{"municipioId":839,"provinciaId":22,"nombreMunicipio":"Pamplonita"},{"municipioId":840,"provinciaId":22,"nombreMunicipio":"Puerto Santander"},{"municipioId":841,"provinciaId":22,"nombreMunicipio":"Ragonvalia"},{"municipioId":842,"provinciaId":22,"nombreMunicipio":"Salazar"},{"municipioId":843,"provinciaId":22,"nombreMunicipio":"San Calixto"},{"municipioId":844,"provinciaId":22,"nombreMunicipio":"San Cayetano"},{"municipioId":845,"provinciaId":22,"nombreMunicipio":"Santiago"},{"municipioId":846,"provinciaId":22,"nombreMunicipio":"Sardinata"},{"municipioId":847,"provinciaId":22,"nombreMunicipio":"Silos"},{"municipioId":848,"provinciaId":22,"nombreMunicipio":"Teorama"},{"municipioId":849,"provinciaId":22,"nombreMunicipio":"Tibú"},{"municipioId":850,"provinciaId":22,"nombreMunicipio":"Toledo"},{"municipioId":851,"provinciaId":22,"nombreMunicipio":"Villa Caro"},{"municipioId":852,"provinciaId":22,"nombreMunicipio":"Villa del Rosario"},{"municipioId":853,"provinciaId":22,"nombreMunicipio":"Ábrego"},{"municipioId":854,"provinciaId":23,"nombreMunicipio":"Colón"},{"municipioId":855,"provinciaId":23,"nombreMunicipio":"Mocoa"},{"municipioId":856,"provinciaId":23,"nombreMunicipio":"Orito"},{"municipioId":857,"provinciaId":23,"nombreMunicipio":"Puerto Asís"},{"municipioId":858,"provinciaId":23,"nombreMunicipio":"Puerto Caicedo"},{"municipioId":859,"provinciaId":23,"nombreMunicipio":"Puerto Guzmán"},{"municipioId":860,"provinciaId":23,"nombreMunicipio":"Puerto Leguízamo"},{"municipioId":861,"provinciaId":23,"nombreMunicipio":"San Francisco"},{"municipioId":862,"provinciaId":23,"nombreMunicipio":"San Miguel"},{"municipioId":863,"provinciaId":23,"nombreMunicipio":"Santiago"},{"municipioId":864,"provinciaId":23,"nombreMunicipio":"Sibundoy"},{"municipioId":865,"provinciaId":23,"nombreMunicipio":"Valle del Guamuez"},{"municipioId":866,"provinciaId":23,"nombreMunicipio":"Villagarzón"},{"municipioId":867,"provinciaId":24,"nombreMunicipio":"Armenia"},{"municipioId":868,"provinciaId":24,"nombreMunicipio":"Buenavista"},{"municipioId":869,"provinciaId":24,"nombreMunicipio":"Calarcá"},{"municipioId":870,"provinciaId":24,"nombreMunicipio":"Circasia"},{"municipioId":871,"provinciaId":24,"nombreMunicipio":"Cordobá"},{"municipioId":872,"provinciaId":24,"nombreMunicipio":"Filandia"},{"municipioId":873,"provinciaId":24,"nombreMunicipio":"Génova"},{"municipioId":874,"provinciaId":24,"nombreMunicipio":"La Tebaida"},{"municipioId":875,"provinciaId":24,"nombreMunicipio":"Montenegro"},{"municipioId":876,"provinciaId":24,"nombreMunicipio":"Pijao"},{"municipioId":877,"provinciaId":24,"nombreMunicipio":"Quimbaya"},{"municipioId":878,"provinciaId":24,"nombreMunicipio":"Salento"},{"municipioId":879,"provinciaId":25,"nombreMunicipio":"Apía"},{"municipioId":880,"provinciaId":25,"nombreMunicipio":"Balboa"},{"municipioId":881,"provinciaId":25,"nombreMunicipio":"Belén de Umbría"},{"municipioId":882,"provinciaId":25,"nombreMunicipio":"Dos Quebradas"},{"municipioId":883,"provinciaId":25,"nombreMunicipio":"Guática"},{"municipioId":884,"provinciaId":25,"nombreMunicipio":"La Celia"},{"municipioId":885,"provinciaId":25,"nombreMunicipio":"La Virginia"},{"municipioId":886,"provinciaId":25,"nombreMunicipio":"Marsella"},{"municipioId":887,"provinciaId":25,"nombreMunicipio":"Mistrató"},{"municipioId":888,"provinciaId":25,"nombreMunicipio":"Pereira"},{"municipioId":889,"provinciaId":25,"nombreMunicipio":"Pueblo Rico"},{"municipioId":890,"provinciaId":25,"nombreMunicipio":"Quinchía"},{"municipioId":891,"provinciaId":25,"nombreMunicipio":"Santa Rosa de Cabal"},{"municipioId":892,"provinciaId":25,"nombreMunicipio":"Santuario"},{"municipioId":893,"provinciaId":26,"nombreMunicipio":"Providencia"},{"municipioId":894,"provinciaId":27,"nombreMunicipio":"Aguada"},{"municipioId":895,"provinciaId":27,"nombreMunicipio":"Albania"},{"municipioId":896,"provinciaId":27,"nombreMunicipio":"Aratoca"},{"municipioId":897,"provinciaId":27,"nombreMunicipio":"Barbosa"},{"municipioId":898,"provinciaId":27,"nombreMunicipio":"Barichara"},{"municipioId":899,"provinciaId":27,"nombreMunicipio":"Barrancabermeja"},{"municipioId":900,"provinciaId":27,"nombreMunicipio":"Betulia"},{"municipioId":901,"provinciaId":27,"nombreMunicipio":"Bolívar"},{"municipioId":902,"provinciaId":27,"nombreMunicipio":"Bucaramanga"},{"municipioId":903,"provinciaId":27,"nombreMunicipio":"Cabrera"},{"municipioId":904,"provinciaId":27,"nombreMunicipio":"California"},{"municipioId":905,"provinciaId":27,"nombreMunicipio":"Capitanejo"},{"municipioId":906,"provinciaId":27,"nombreMunicipio":"Carcasí"},{"municipioId":907,"provinciaId":27,"nombreMunicipio":"Cepita"},{"municipioId":908,"provinciaId":27,"nombreMunicipio":"Cerrito"},{"municipioId":909,"provinciaId":27,"nombreMunicipio":"Charalá"},{"municipioId":910,"provinciaId":27,"nombreMunicipio":"Charta"},{"municipioId":911,"provinciaId":27,"nombreMunicipio":"Chima"},{"municipioId":912,"provinciaId":27,"nombreMunicipio":"Chipatá"},{"municipioId":913,"provinciaId":27,"nombreMunicipio":"Cimitarra"},{"municipioId":914,"provinciaId":27,"nombreMunicipio":"Concepción"},{"municipioId":915,"provinciaId":27,"nombreMunicipio":"Confines"},{"municipioId":916,"provinciaId":27,"nombreMunicipio":"Contratación"},{"municipioId":917,"provinciaId":27,"nombreMunicipio":"Coromoro"},{"municipioId":918,"provinciaId":27,"nombreMunicipio":"Curití"},{"municipioId":919,"provinciaId":27,"nombreMunicipio":"El Carmen"},{"municipioId":920,"provinciaId":27,"nombreMunicipio":"El Guacamayo"},{"municipioId":921,"provinciaId":27,"nombreMunicipio":"El Peñon"},{"municipioId":922,"provinciaId":27,"nombreMunicipio":"El Playón"},{"municipioId":923,"provinciaId":27,"nombreMunicipio":"Encino"},{"municipioId":924,"provinciaId":27,"nombreMunicipio":"Enciso"},{"municipioId":925,"provinciaId":27,"nombreMunicipio":"Floridablanca"},{"municipioId":926,"provinciaId":27,"nombreMunicipio":"Florián"},{"municipioId":927,"provinciaId":27,"nombreMunicipio":"Galán"},{"municipioId":928,"provinciaId":27,"nombreMunicipio":"Girón"},{"municipioId":929,"provinciaId":27,"nombreMunicipio":"Guaca"},{"municipioId":930,"provinciaId":27,"nombreMunicipio":"Guadalupe"},{"municipioId":931,"provinciaId":27,"nombreMunicipio":"Guapota"},{"municipioId":932,"provinciaId":27,"nombreMunicipio":"Guavatá"},{"municipioId":933,"provinciaId":27,"nombreMunicipio":"Guepsa"},{"municipioId":934,"provinciaId":27,"nombreMunicipio":"Gámbita"},{"municipioId":935,"provinciaId":27,"nombreMunicipio":"Hato"},{"municipioId":936,"provinciaId":27,"nombreMunicipio":"Jesús María"},{"municipioId":937,"provinciaId":27,"nombreMunicipio":"Jordán"},{"municipioId":938,"provinciaId":27,"nombreMunicipio":"La Belleza"},{"municipioId":939,"provinciaId":27,"nombreMunicipio":"La Paz"},{"municipioId":940,"provinciaId":27,"nombreMunicipio":"Landázuri"},{"municipioId":941,"provinciaId":27,"nombreMunicipio":"Lebrija"},{"municipioId":942,"provinciaId":27,"nombreMunicipio":"Los Santos"},{"municipioId":943,"provinciaId":27,"nombreMunicipio":"Macaravita"},{"municipioId":944,"provinciaId":27,"nombreMunicipio":"Matanza"},{"municipioId":945,"provinciaId":27,"nombreMunicipio":"Mogotes"},{"municipioId":946,"provinciaId":27,"nombreMunicipio":"Molagavita"},{"municipioId":947,"provinciaId":27,"nombreMunicipio":"Málaga"},{"municipioId":948,"provinciaId":27,"nombreMunicipio":"Ocamonte"},{"municipioId":949,"provinciaId":27,"nombreMunicipio":"Oiba"},{"municipioId":950,"provinciaId":27,"nombreMunicipio":"Onzaga"},{"municipioId":951,"provinciaId":27,"nombreMunicipio":"Palmar"},{"municipioId":952,"provinciaId":27,"nombreMunicipio":"Palmas del Socorro"},{"municipioId":953,"provinciaId":27,"nombreMunicipio":"Pie de Cuesta"},{"municipioId":954,"provinciaId":27,"nombreMunicipio":"Pinchote"},{"municipioId":955,"provinciaId":27,"nombreMunicipio":"Puente Nacional"},{"municipioId":956,"provinciaId":27,"nombreMunicipio":"Puerto Parra"},{"municipioId":957,"provinciaId":27,"nombreMunicipio":"Puerto Wilches"},{"municipioId":958,"provinciaId":27,"nombreMunicipio":"Páramo"},{"municipioId":959,"provinciaId":27,"nombreMunicipio":"Rio Negro"},{"municipioId":960,"provinciaId":27,"nombreMunicipio":"Sabana de Torres"},{"municipioId":961,"provinciaId":27,"nombreMunicipio":"San Andrés"},{"municipioId":962,"provinciaId":27,"nombreMunicipio":"San Benito"},{"municipioId":963,"provinciaId":27,"nombreMunicipio":"San Gíl"},{"municipioId":964,"provinciaId":27,"nombreMunicipio":"San Joaquín"},{"municipioId":965,"provinciaId":27,"nombreMunicipio":"San José de Miranda"},{"municipioId":966,"provinciaId":27,"nombreMunicipio":"San Miguel"},{"municipioId":967,"provinciaId":27,"nombreMunicipio":"San Vicente del Chucurí"},{"municipioId":968,"provinciaId":27,"nombreMunicipio":"Santa Bárbara"},{"municipioId":969,"provinciaId":27,"nombreMunicipio":"Santa Helena del Opón"},{"municipioId":970,"provinciaId":27,"nombreMunicipio":"Simacota"},{"municipioId":971,"provinciaId":27,"nombreMunicipio":"Socorro"},{"municipioId":972,"provinciaId":27,"nombreMunicipio":"Suaita"},{"municipioId":973,"provinciaId":27,"nombreMunicipio":"Sucre"},{"municipioId":974,"provinciaId":27,"nombreMunicipio":"Suratá"},{"municipioId":975,"provinciaId":27,"nombreMunicipio":"Tona"},{"municipioId":976,"provinciaId":27,"nombreMunicipio":"Valle de San José"},{"municipioId":977,"provinciaId":27,"nombreMunicipio":"Vetas"},{"municipioId":978,"provinciaId":27,"nombreMunicipio":"Villanueva"},{"municipioId":979,"provinciaId":27,"nombreMunicipio":"Vélez"},{"municipioId":980,"provinciaId":27,"nombreMunicipio":"Zapatoca"},{"municipioId":981,"provinciaId":28,"nombreMunicipio":"Buenavista"},{"municipioId":982,"provinciaId":28,"nombreMunicipio":"Caimito"},{"municipioId":983,"provinciaId":28,"nombreMunicipio":"Chalán"},{"municipioId":984,"provinciaId":28,"nombreMunicipio":"Colosó (Ricaurte)"},{"municipioId":985,"provinciaId":28,"nombreMunicipio":"Corozal"},{"municipioId":986,"provinciaId":28,"nombreMunicipio":"Coveñas"},{"municipioId":987,"provinciaId":28,"nombreMunicipio":"El Roble"},{"municipioId":988,"provinciaId":28,"nombreMunicipio":"Galeras (Nueva Granada)"},{"municipioId":989,"provinciaId":28,"nombreMunicipio":"Guaranda"},{"municipioId":990,"provinciaId":28,"nombreMunicipio":"La Unión"},{"municipioId":991,"provinciaId":28,"nombreMunicipio":"Los Palmitos"},{"municipioId":992,"provinciaId":28,"nombreMunicipio":"Majagual"},{"municipioId":993,"provinciaId":28,"nombreMunicipio":"Morroa"},{"municipioId":994,"provinciaId":28,"nombreMunicipio":"Ovejas"},{"municipioId":995,"provinciaId":28,"nombreMunicipio":"Palmito"},{"municipioId":996,"provinciaId":28,"nombreMunicipio":"Sampués"},{"municipioId":997,"provinciaId":28,"nombreMunicipio":"San Benito Abad"},{"municipioId":998,"provinciaId":28,"nombreMunicipio":"San Juan de Betulia"},{"municipioId":999,"provinciaId":28,"nombreMunicipio":"San Marcos"},{"municipioId":1000,"provinciaId":28,"nombreMunicipio":"San Onofre"},{"municipioId":1001,"provinciaId":28,"nombreMunicipio":"San Pedro"},{"municipioId":1002,"provinciaId":28,"nombreMunicipio":"Sincelejo"},{"municipioId":1003,"provinciaId":28,"nombreMunicipio":"Sincé"},{"municipioId":1004,"provinciaId":28,"nombreMunicipio":"Sucre"},{"municipioId":1005,"provinciaId":28,"nombreMunicipio":"Tolú"},{"municipioId":1006,"provinciaId":28,"nombreMunicipio":"Tolú Viejo"},{"municipioId":1007,"provinciaId":29,"nombreMunicipio":"Alpujarra"},{"municipioId":1008,"provinciaId":29,"nombreMunicipio":"Alvarado"},{"municipioId":1009,"provinciaId":29,"nombreMunicipio":"Ambalema"},{"municipioId":1010,"provinciaId":29,"nombreMunicipio":"Anzoátegui"},{"municipioId":1011,"provinciaId":29,"nombreMunicipio":"Armero (Guayabal)"},{"municipioId":1012,"provinciaId":29,"nombreMunicipio":"Ataco"},{"municipioId":1013,"provinciaId":29,"nombreMunicipio":"Cajamarca"},{"municipioId":1014,"provinciaId":29,"nombreMunicipio":"Carmen de Apicalá"},{"municipioId":1015,"provinciaId":29,"nombreMunicipio":"Casabianca"},{"municipioId":1016,"provinciaId":29,"nombreMunicipio":"Chaparral"},{"municipioId":1017,"provinciaId":29,"nombreMunicipio":"Coello"},{"municipioId":1018,"provinciaId":29,"nombreMunicipio":"Coyaima"},{"municipioId":1019,"provinciaId":29,"nombreMunicipio":"Cunday"},{"municipioId":1020,"provinciaId":29,"nombreMunicipio":"Dolores"},{"municipioId":1021,"provinciaId":29,"nombreMunicipio":"Espinal"},{"municipioId":1022,"provinciaId":29,"nombreMunicipio":"Falan"},{"municipioId":1023,"provinciaId":29,"nombreMunicipio":"Flandes"},{"municipioId":1024,"provinciaId":29,"nombreMunicipio":"Fresno"},{"municipioId":1025,"provinciaId":29,"nombreMunicipio":"Guamo"},{"municipioId":1026,"provinciaId":29,"nombreMunicipio":"Herveo"},{"municipioId":1027,"provinciaId":29,"nombreMunicipio":"Honda"},{"municipioId":1028,"provinciaId":29,"nombreMunicipio":"Ibagué"},{"municipioId":1029,"provinciaId":29,"nombreMunicipio":"Icononzo"},{"municipioId":1030,"provinciaId":29,"nombreMunicipio":"Lérida"},{"municipioId":1031,"provinciaId":29,"nombreMunicipio":"Líbano"},{"municipioId":1032,"provinciaId":29,"nombreMunicipio":"Mariquita"},{"municipioId":1033,"provinciaId":29,"nombreMunicipio":"Melgar"},{"municipioId":1034,"provinciaId":29,"nombreMunicipio":"Murillo"},{"municipioId":1035,"provinciaId":29,"nombreMunicipio":"Natagaima"},{"municipioId":1036,"provinciaId":29,"nombreMunicipio":"Ortega"},{"municipioId":1037,"provinciaId":29,"nombreMunicipio":"Palocabildo"},{"municipioId":1038,"provinciaId":29,"nombreMunicipio":"Piedras"},{"municipioId":1039,"provinciaId":29,"nombreMunicipio":"Planadas"},{"municipioId":1040,"provinciaId":29,"nombreMunicipio":"Prado"},{"municipioId":1041,"provinciaId":29,"nombreMunicipio":"Purificación"},{"municipioId":1042,"provinciaId":29,"nombreMunicipio":"Rioblanco"},{"municipioId":1043,"provinciaId":29,"nombreMunicipio":"Roncesvalles"},{"municipioId":1044,"provinciaId":29,"nombreMunicipio":"Rovira"},{"municipioId":1045,"provinciaId":29,"nombreMunicipio":"Saldaña"},{"municipioId":1046,"provinciaId":29,"nombreMunicipio":"San Antonio"},{"municipioId":1047,"provinciaId":29,"nombreMunicipio":"San Luis"},{"municipioId":1048,"provinciaId":29,"nombreMunicipio":"Santa Isabel"},{"municipioId":1049,"provinciaId":29,"nombreMunicipio":"Suárez"},{"municipioId":1050,"provinciaId":29,"nombreMunicipio":"Valle de San Juan"},{"municipioId":1051,"provinciaId":29,"nombreMunicipio":"Venadillo"},{"municipioId":1052,"provinciaId":29,"nombreMunicipio":"Villahermosa"},{"municipioId":1053,"provinciaId":29,"nombreMunicipio":"Villarrica"},{"municipioId":1054,"provinciaId":30,"nombreMunicipio":"Alcalá"},{"municipioId":1055,"provinciaId":30,"nombreMunicipio":"Andalucía"},{"municipioId":1056,"provinciaId":30,"nombreMunicipio":"Ansermanuevo"},{"municipioId":1057,"provinciaId":30,"nombreMunicipio":"Argelia"},{"municipioId":1058,"provinciaId":30,"nombreMunicipio":"Bolívar"},{"municipioId":1059,"provinciaId":30,"nombreMunicipio":"Buenaventura"},{"municipioId":1060,"provinciaId":30,"nombreMunicipio":"Buga"},{"municipioId":1061,"provinciaId":30,"nombreMunicipio":"Bugalagrande"},{"municipioId":1062,"provinciaId":30,"nombreMunicipio":"Caicedonia"},{"municipioId":1063,"provinciaId":30,"nombreMunicipio":"Calima (Darién)"},{"municipioId":1064,"provinciaId":30,"nombreMunicipio":"Calí"},{"municipioId":1065,"provinciaId":30,"nombreMunicipio":"Candelaria"},{"municipioId":1066,"provinciaId":30,"nombreMunicipio":"Cartago"},{"municipioId":1067,"provinciaId":30,"nombreMunicipio":"Dagua"},{"municipioId":1068,"provinciaId":30,"nombreMunicipio":"El Cairo"},{"municipioId":1069,"provinciaId":30,"nombreMunicipio":"El Cerrito"},{"municipioId":1070,"provinciaId":30,"nombreMunicipio":"El Dovio"},{"municipioId":1071,"provinciaId":30,"nombreMunicipio":"El Águila"},{"municipioId":1072,"provinciaId":30,"nombreMunicipio":"Florida"},{"municipioId":1073,"provinciaId":30,"nombreMunicipio":"Ginebra"},{"municipioId":1074,"provinciaId":30,"nombreMunicipio":"Guacarí"},{"municipioId":1075,"provinciaId":30,"nombreMunicipio":"Jamundí"},{"municipioId":1076,"provinciaId":30,"nombreMunicipio":"La Cumbre"},{"municipioId":1077,"provinciaId":30,"nombreMunicipio":"La Unión"},{"municipioId":1078,"provinciaId":30,"nombreMunicipio":"La Victoria"},{"municipioId":1079,"provinciaId":30,"nombreMunicipio":"Obando"},{"municipioId":1080,"provinciaId":30,"nombreMunicipio":"Palmira"},{"municipioId":1081,"provinciaId":30,"nombreMunicipio":"Pradera"},{"municipioId":1082,"provinciaId":30,"nombreMunicipio":"Restrepo"},{"municipioId":1083,"provinciaId":30,"nombreMunicipio":"Riofrío"},{"municipioId":1084,"provinciaId":30,"nombreMunicipio":"Roldanillo"},{"municipioId":1085,"provinciaId":30,"nombreMunicipio":"San Pedro"},{"municipioId":1086,"provinciaId":30,"nombreMunicipio":"Sevilla"},{"municipioId":1087,"provinciaId":30,"nombreMunicipio":"Toro"},{"municipioId":1088,"provinciaId":30,"nombreMunicipio":"Trujillo"},{"municipioId":1089,"provinciaId":30,"nombreMunicipio":"Tulúa"},{"municipioId":1090,"provinciaId":30,"nombreMunicipio":"Ulloa"},{"municipioId":1091,"provinciaId":30,"nombreMunicipio":"Versalles"},{"municipioId":1092,"provinciaId":30,"nombreMunicipio":"Vijes"},{"municipioId":1093,"provinciaId":30,"nombreMunicipio":"Yotoco"},{"municipioId":1094,"provinciaId":30,"nombreMunicipio":"Yumbo"},{"municipioId":1095,"provinciaId":30,"nombreMunicipio":"Zarzal"},{"municipioId":1096,"provinciaId":31,"nombreMunicipio":"Carurú"},{"municipioId":1097,"provinciaId":31,"nombreMunicipio":"Mitú"},{"municipioId":1098,"provinciaId":31,"nombreMunicipio":"Taraira"},{"municipioId":1099,"provinciaId":32,"nombreMunicipio":"Cumaribo"},{"municipioId":1100,"provinciaId":32,"nombreMunicipio":"La Primavera"},{"municipioId":1101,"provinciaId":32,"nombreMunicipio":"Puerto Carreño"},{"municipioId":1102,"provinciaId":32,"nombreMunicipio":"Santa Rosalía"}]
