﻿[{"provinciaId":1,"nombreProvincia":"Amazonas"},{"provinciaId":2,"nombreProvincia":"Antioquia"},{"provinciaId":3,"nombreProvincia":"Arauca"},{"provinciaId":4,"nombreProvincia":"Atlántico"},{"provinciaId":5,"nombreProvincia":"Bolívar"},{"provinciaId":6,"nombreProvincia":"Boyacá"},{"provinciaId":7,"nombreProvincia":"Caldas"},{"provinciaId":8,"nombreProvincia":"Caquetá"},{"provinciaId":9,"nombreProvincia":"Casanare"},{"provinciaId":10,"nombreProvincia":"Cauca"},{"provinciaId":11,"nombreProvincia":"Cesar"},{"provinciaId":12,"nombreProvincia":"Chocó"},{"provinciaId":13,"nombreProvincia":"Córdoba"},{"provinciaId":14,"nombreProvincia":"Cundinamarca"},{"provinciaId":15,"nombreProvincia":"Güainia"},{"provinciaId":16,"nombreProvincia":"Guaviare"},{"provinciaId":17,"nombreProvincia":"Huila"},{"provinciaId":18,"nombreProvincia":"La Guajira"},{"provinciaId":19,"nombreProvincia":"Magdalena"},{"provinciaId":20,"nombreProvincia":"Meta"},{"provinciaId":21,"nombreProvincia":"Nariño"},{"provinciaId":22,"nombreProvincia":"Norte de Santander"},{"provinciaId":23,"nombreProvincia":"Putumayo"},{"provinciaId":24,"nombreProvincia":"Quindo"},{"provinciaId":25,"nombreProvincia":"Risaralda"},{"provinciaId":26,"nombreProvincia":"San Andrés y Providencia"},{"provinciaId":27,"nombreProvincia":"Santander"},{"provinciaId":28,"nombreProvincia":"Sucre"},{"provinciaId":29,"nombreProvincia":"Tolima"},{"provinciaId":30,"nombreProvincia":"Valle del Cauca"},{"provinciaId":31,"nombreProvincia":"Vaupés"},{"provinciaId":32,"nombreProvincia":"Vichada"}]
